Город;Название Квеста;Компания (Текст);URL для сайта;Атмосфера;Сюжет;Логические задачи;Экшн и ловкость;Командная работа;Чистота и безопасность;Страшность
Москва;Мэдвил сити;Imperia Quest;ImperiaQuest-medvil-city;0;0;0;0;0;0;
Москва;Монополия страха;Шокотерапия;monopoliya-straha;0;0;0;0;0;0;
Москва;ELSA. Столкновение времён;Дикий страх;stolknoveniye-vremen;0;0;0;0;0;0;
Москва;Игра на выживание;Технология квеста;igra-na-vizhivaniye;0;0;0;0;0;0;
Москва;Паника;Хоррор-Квест;horrorquest_panika;0;0;0;0;0;0;
Москва;Астрал 2: Запретный сеанс;Наука страха;zapretniy-seans;0;0;0;0;0;0;
Москва;Поворот не туда;Арена квест;povorot-ne-tuda-arena;0;0;0;0;0;0;
Москва;Проклятие пирамиды;TRIKVESTR;proklyatye-piramidy;0;0;0;0;0;0;
Москва;Морфий;ЗАСТЕНЬЕ;morfiy;0;0;0;0;0;0;
Москва;Маскарад;Иzнанка;maskarad;0;0;0;0;0;0;
Москва;Дом великана;TRIKVESTR;dom-velikana;0;0;0;0;0;0;
Москва;Меч короля Артура;TRIKVESTR;mech-artura;0;0;0;0;0;0;
Москва;Диагноз;Dread room;diagnoz;0;0;0;0;0;0;
Москва;Тени минувшего;Иzнанка;teni-minuvshego;0;0;0;0;0;0;
Москва;Кастинг;Квестоголики.рф;kasting;0;0;0;0;0;0;
Москва;Опасный рейд;MSK2048;opasniy-reid;0;0;0;0;0;0;
Москва;Ходячие мертвецы;GetEvent;hodyachiye-mertvitsi;0;0;0;0;0;0;
Москва;Прятки в Темноте на Красном Октябре;GetEvent;pryatki-v-temnote-oktyabr;0;0;0;0;0;0;
Москва;Прятки в темноте 2.0;GetEvent;pryatki-v-temnote-paveletskaya;0;0;0;0;0;0;
Москва;Прятки в темноте 2.0;GetEvent;pryatki-v-temnote-prmira;0;0;0;0;0;0;
Москва;Детские прятки 2.0;GetEvent;pryatki-v-temnote-2-kropotkinskaya;0;0;0;0;0;0;
Москва;Детские Прятки 2.0;GetEvent;pryatki-v-temnote-valovaya;0;0;0;0;0;0;
Москва;Slenderman;Action Games;slenderman;0;0;0;0;0;0;
Москва;Сингулярность;Клуб Квестов;singulyarnost;91;90;80;73;57;80;
Москва;На помощь!;PROQuest;proquest-na-pomosh;0;0;0;0;0;0;
Москва;Золото Майя;Технология квеста;zoloto-maya;82;62;70;62;60;78;
Москва;Энигма Kids;Golovolomka;klub-enigma-kids;;;;;;;
Москва;Сумеречные прятки;Fastumgame;sumerechniye-pryatki;0;0;0;0;0;0;
Москва;Гарри Поттер;Fastumgame;Fastumgame-garri-potter;0;0;0;0;0;0;
Москва;Сумрак;ExitGames;ExitGames-sumrak;0;0;0;0;0;0;
Москва;Бессоница;ExitGames;ExitGames-bessonitsa;0;0;0;0;0;0;
Москва;Железное сердце;Клаустрофобия;fobiya-zheleznoe-serdze;0;0;0;0;0;0;
Москва;Обитель зла;World of Quests;woq-obitel-zla;86;70;88;70;86;75;
Москва;Вектор 61;Event Vision;vektor-61;95;89;45;89;60;75;91
Москва;Mind Horror;Ловушка;MindHorror;0;0;0;0;0;0;
Москва;Обмануть смерть;MysteryQuest;obmanut-smert;0;0;0;0;0;0;
Москва;Люди в черном: переполох в Чайнатауне;Лига Квестов;MIB;91;87;85;67;77;79;
Москва;Легенда о тамплиере;Лабиринт памяти;legenda-o-tampliere;78;65;78;62;60;80;
Москва;Пила;Quest Hunter;pila-perfomans;0;0;0;0;0;0;
Москва;Стимпанк поезд;TruExit;stimpank-poesd;0;0;0;0;0;0;
Москва;Гарри Поттер: Отряд Дамблдора;Киноквест;otryad-dambldora;0;0;0;0;0;0;
Москва;Плен;BreQuest;brequest-plen;0;0;0;0;0;0;
Москва;Horror House Шоу;HorrorHouse;HorrorHouseShow;0;0;0;0;0;0;
Москва;Игра со смертью;Клаустрофобия;igra-so-smertiyu;0;0;0;0;0;0;
Москва;Совершенно Секретно;GorQuest;sovershenno-sekretno-corquest;0;0;0;0;0;0;
Москва;Код Сознания;Серьезные Игры;kod-soznaniya;0;0;0;0;0;0;
Москва;Перед входом - прощайтесь;Super8;pered-vhodom-prowaites;80;67;80;70;70;78;50
Москва;Лига теней;ILUZIO;liga-teney;0;0;0;0;0;0;
Москва;Шоу должно продолжаться;ПАРАЛЛЕЛЬ;show-must-go-on;0;0;0;0;0;0;
Москва;История парка Горького: больше хлеба и зрелищ!;Quest Planet;park-gorkogo;0;0;0;0;0;0;
Москва;Булгаковская Москва: однажды на Патриарших;Quest Planet;bulgakovskaya-moskva;0;0;0;0;0;0;
Москва;Манежная площадь и Александровский сад;Quest Planet;manezhnaya-ploshad;0;0;0;0;0;0;
Москва;Царицынский размах;Quest Planet;zarizinskii-razmah;0;0;0;0;0;0;
Москва;Новодевичий монастырь и окрестности: жемчужина Москвы;Quest Planet;novodevichiy-monostir;0;0;0;0;0;0;
Москва;Кусково – средоточие графских красот;Quest Planet;kuskovo;0;0;0;0;0;0;
Москва;Магия Арбата и его переулков;Quest Planet;magiya-arbata;0;0;0;0;0;0;
Москва;Культовая Москва: ее Величество Красная площадь;Quest Planet;krasnaya-plowad;0;0;0;0;0;0;
Москва;Паноптикум;Panoptikum;panoptikum;90;83;63;67;67;79;85
Москва;Мозгобойня;Мозгобойня;mozgoboynya;;;;;;;
Москва;Сквиз;SQUIZ;SQUIZ;;;;;;;
Москва;КВИЗДОМ ;QUIZDOM;QUIZDOM;;;;;;;
Москва;ЗнатоКит;ЗнатоКит;moskit;;;;;;;
Москва;ГоловоМолка;Pub Quiz;golobomolka;;;;;;;
Москва;Quiz Time;Quiz Time;QuizTime;;;;;;;
Москва;7teaQUIZ;7teaQUIZ;7teaQUIZ;;;;;;;
Москва;Клубная Лига Индиго;Клубная Лига Индиго;klubnaya-liga-indigo;;;;;;;
Москва;Без дураков;Без дураков;bez-durakov;;;;;;;
Москва;Напряги извилины;Напряги извилины;napryagi-izviliny;;;;;;;
Москва;Интеллектуальная Вечеринка;IQ Bar;intellektualnaya-vecherinka;;;;;;;
Москва;Остаться в живых;Остаться в живых;tk-ostatsya-v-zhivih;0;0;0;0;0;0;
Москва;60 секунд;60 секунд;60sekund;;;;;;;
Москва;Мозголомка;Мозголомка;mozgolomka;;;;;;;
Москва;Мозгобой;BRAINBOY;mozgoboy;;;;;;;
Москва;Quiz Boom;Quiz Boom;QuizBoom;;;;;;;
Москва;Braindo;Braindo;Braindo;;;;;;;
Москва;Квиз, плиз!;Квиз, плиз!;kviz-pleaze;;;;;;;
Москва;Мозговой штурм;Мозговой штурм;mozgovoy-shturm;;;;;;;
Москва;Фанни Банни Квиз;Night kids;funny-bunny;;;;;;;
Москва;Извилиум;Извилиум;izvilium;;;;;;;
Москва;Игра головой;Игра головой;igra-golovoy;;;;;;;
Москва;Элементарно!;Moscowquiz;elementarno;;;;;;;
Москва;Збышек КВИЗ;Збышек;zbushek;;;;;;;
Москва;Мозгва;Мозгва;mozgva;;;;;;;
Москва;КвизиУм;КвизиУм;kvizium;;;;;;;
Москва;Угадать за 60 секунд;ACP GAME;ugadat-za-60-sekund;;;;;;;
Москва;Безумец;Kvest Time;bezumets;0;0;0;0;0;0;
Москва;Полюс;Квест Парк Арлекино;polyus;0;0;0;0;0;0;
Москва;Парк Юрского периода;Квест Парк Арлекино;park-yurskogo-perioda;0;0;0;0;0;0;
Москва;"Арт-квест ""Мистерион""";Мистерион;art-kvest-misterion;90;48;64;75;62;75;
Москва;Континуум;re:Rooms;kontinuum;0;0;0;0;0;0;
Москва;Детективы против мафии;re:Rooms;detektivy-protiv-mafii;0;0;0;0;0;0;
Москва;Остров проклятых;re:Rooms;re-ostrov-proklyatih;0;0;0;0;0;0;
Москва;Алькатрас;re:Rooms;alkatras;0;0;0;0;0;0;
Москва;Тайна Бабы Яги;Клаустрофобия;tayna-babi-yagi;0;0;0;0;0;0;
Москва;Смешарики. В поисках друга;Клаустрофобия;smeshariki-drug;0;0;0;0;0;0;
Москва;Судный день;Quest Stage;sudniy-den;0;0;0;0;0;0;
Москва;Гости;ID Quest;idquest-gosti;0;0;0;0;0;0;
Москва;Дивергент. Этап: фильтрация;QHERO;divergent;0;0;0;0;0;0;
Москва;Промзона;Strong Quest;promzona;0;0;0;0;0;0;
Москва;Аватария;World of Quests;avatariya;0;0;0;0;0;0;
Москва;City Z;ANVIO;city-z-anvio;90;40;30;55;65;80;
Москва;Ночлег у лесника;Адреналин 24;nochleg-u-lesnika;0;0;0;0;0;0;
Москва;BLACKOUT;Росквест;blackout;0;0;0;0;0;0;
Москва;Zombieland 2;Росквест;Zombieland2;85;76;42;92;90;75;90
Москва;Крыша Карлсона;Wember;krisha-karlsona;0;0;0;0;0;0;
Москва;Проклятый замок;Wember;proklyatiy-zamok;0;0;0;0;0;0;
Москва;Суперсемейка;TruExit;truexit-supersemeika;0;0;0;0;0;0;
Москва;Сокровища Средиземья;TruExit;truexit-sredizemie;0;0;0;0;0;0;
Москва;Автостопом по галактике;TruExit;truexit-avtostop;0;0;0;0;0;0;
Москва;Машина времени;TruExit;truexit-mashina-vremeni;0;0;0;0;0;0;
Москва;Гробница фараона;TruExit;truexit-grobnitsa-faraona;0;0;0;0;0;0;
Москва;Головоломка;TruExit;truexit-golovolomka;0;0;0;0;0;0;
Москва;Тайны изобретателей;TruExit;tayni-izobretateley;0;0;0;0;0;0;
Москва;Корабль Призрак;Квест для всех;kvest-dlya-vseh-korabl;0;0;0;0;0;0;
Москва;Игра до смерти;Onkvest ;igra-do-smerti;77;55;77;70;60;80;50
Москва;Тайная пещера;Клаустрофобия;fobiya-peshera;0;0;0;0;0;0;
Москва;Terra Incognita;Клаустрофобия;terra-incognita;0;0;0;0;0;0;
Москва;Автостопом по галактике;Клаустрофобия;avtostopom-po-galaktike;0;0;0;0;0;0;
Москва;Ледовое побоище;Клаустрофобия;ledovoe-poboishwe;0;0;0;0;0;0;
Москва;Вий;Квест Шрёдингера;shredinger-chertovshina;84;80;72;63;79;79;
Москва;Мастер и Маргарита;Квест Шрёдингера;sredinger-master;84;78;71;63;72;80;
Москва;Стать диктатором;Клаустрофобия;stat-diktatorom;0;0;0;0;0;0;
Москва;Чужой;Клаустрофобия;fobiya-chuzhoy;0;0;0;0;0;0;
Москва;Невероятное ограбление;Клаустрофобия;neveroyatnoye-ogrableniye;0;0;0;0;0;0;
Москва;Мастерская иллюзиониста;Клаустрофобия;masterskaya-illyuzionista;0;0;0;0;0;0;
Москва;Демоны;Клаустрофобия;fobiya-demony;0;0;0;0;0;0;
Москва;Фродо: приключения под горой;Клаустрофобия;frodo-pod-goroy;0;0;0;0;0;0;
Москва;Тайна человека без лица;Клаустрофобия;tayna-cheloveka-bez-litsa;0;0;0;0;0;0;
Москва;Сага о Вампире;Клаустрофобия;saga-o-vampire;0;0;0;0;0;0;
Москва;Тайна Теслы;Клаустрофобия;tayna-tesli;0;0;0;0;0;0;
Москва;Breaking Bad;Клаустрофобия;breaking-bad;0;0;0;0;0;0;
Москва;Переполох в Спрингфилде;Клаустрофобия;perepoloh-v-springfilde;0;0;0;0;0;0;
Москва;Красная угроза;Клаустрофобия;krasnaya-ugroza;0;0;0;0;0;0;
Москва;В поисках Гулливера;Клаустрофобия;v-poiskah-gullivera;0;0;0;0;0;0;
Москва;Проклятый монастырь;Клаустрофобия;proklyatiy-monastir;0;0;0;0;0;0;
Москва;Академия Гудини;Клаустрофобия;akademiya-gudini;0;0;0;0;0;0;
Москва;Херофобия.;cirkcirkcirk24;herofobiya;0;0;0;0;0;0;
Москва;Игра престолов: Красная королева;ВыХод;krasnaya-koroleva;92;80;77;62;65;80;
Москва;Шифр 1812;"ООО ""Intedu""";shifr-1812;0;0;0;0;0;0;
Москва;Космос-квест в Музее космонавтики;"ООО ""Intedu""";muzei-kosmonavtiki;0;0;0;0;0;0;
Москва;Тайна коломенских камней;"ООО ""Intedu""";tayna-kolomenskih-kamney;0;0;0;0;0;0;
Москва;ВДНХ: вперед в прошлое!;"ООО ""Intedu""";vdnh-vpered-v-proshloye;0;0;0;0;0;0;
Москва;Старый знакомый – Парк Горького;"ООО ""Intedu""";stariy-znakomiy-park-gorkogo;0;0;0;0;0;0;
Москва;По страницам памяти;"ООО ""Intedu""";po-stranitsam-pamyati;0;0;0;0;0;0;
Москва;IMMORTALITAS - Научный проект о бессмертии;X-Lab;IMMORTALITAS;0;0;0;0;0;0;
Москва;Белый шум 2;GrimTeam;beliy-shum-2;0;0;0;0;0;0;
Москва;Отель у дороги;Студия Эмоций;otel-u-dorogi;0;0;0;0;0;0;
Москва;Ночлег;Контактный Квест;kontaktniy-kvest-nochleg;0;0;0;0;0;0;
Москва;Наследие;Freak Me Out;FreakMeOut-naslediye;0;0;0;0;0;0;
Москва;Лоботомия;World of Quests;lobotomiya;92;85;76;72;70;78;92
Москва;Квест-лагерь;Questoria;questoria-kvest-lager;;;;;;;
Москва;Хижина Пиратов;QuestQuest;pirati;0;0;0;0;0;0;
Москва;Минотавр;QuestQuest;minotur;0;0;0;0;0;0;
Москва;Грех;Греховодники;grehovodniki-greh;0;0;0;0;0;0;
Москва;МУР против банды Черный дельфин;Моя История;mur-protiv-bandi;0;0;0;0;0;0;
Москва;Спасти императора;Моя История;spasti-imperatora;0;0;0;0;0;0;
Москва;Ганнибализм;Lifadin Quest;lifadin-gannibalizm;81;60;60;62;73;70;67
Москва;Бункер маньяка;RoomStory by World of Quests;roomstory-bunker-maniyaka;83;55;69;60;72;77;50
Москва;Operation MiZ;MIZ;operation-miz;0;0;0;0;0;0;
Москва;Голод;Dofamin;dofamin-golod;91;70;60;82;80;75;90
Москва;Последний сеанс;HorrorHouse;house-posledniy-seans;0;0;0;0;0;0;
Москва;Особое мнение (VR квест);CityQuest;cityquest-osoboe-mneniye;0;0;0;0;0;0;
Москва;Возвращение терминатора;Questarium;questarium-terminator;75;70;75;57;60;80;
Москва;Коллекционер ;DreamQuest;dreamquest-kollekzioner;0;0;0;0;0;0;
Москва;Пекло;MSKQUEST;mskquest-peklo;90;73;40;74;65;60;91
Москва;Вернувшиеся;Dashkov;dashkov-vernuvshiesya;0;0;0;0;0;0;
Москва;Полнолуние;Formulakvesta;formulakvesta-polnoluniye;0;0;0;0;0;0;
Москва;Таинственный дом;Enigma;enigma-tainstvenniy-dom;0;0;0;0;0;0;
Москва;Машина времени: Путешествие школьников;DREVO QUEST;vremya-puteshestviye-shkolnikov;0;0;0;0;0;0;
Москва;Машина времени;Room Quest;roomquest-mashina-vremeni;78;63;75;60;65;79;
Москва;Silent Hill. Private Story;Капитан Квест;silent_hill_private_story;80;70;68;59;80;80;60
Москва;Пещера Вуду;Капитан Квест;peshera-vudu;83;63;73;56;74;80;
Москва;Кабинет дядюшки Блека;Волшебная страна;kabinet-dyadyushki-blak;0;0;0;0;0;0;
Москва;Остаться в живых;Matrix;matrix-podvodnaya-lodka;95;70;65;61;57;79;
Москва;Не вам меня судить;Dread room;ne-vam-menya-sudit;70;56;70;64;76;70;68
Москва;Зазеркалье;Кубиринт;kubirint-zazerkalie;78;63;72;70;67;80;
Москва;Из Парижа с любовью;Квест Клуб;iz_parizha_s_lubovy;0;0;0;0;0;0;
Москва;Заключительный акт;Quest-Art;zaklyuchitelniyakt;90;70;45;90;67;70;
Москва;Подпольное казино.;Questmakers;woq-podpolnoe-kazino;90;80;82;65;63;80;
Москва;Школа шпионов Kingsman;KvestLock;shkola-shpionov-kingsman;80;65;78;63;63;78;
Москва;Подвалы Маркиза де Сада;KvestLock;podvaly-markiza-de-sada;75;60;77;65;60;77;40
Москва;АВАТАР начало;ТвойКвест.рф;avatar-nachalo;77;60;70;65;73;77;
Москва;Разумные Люди;Разумные Люди;razumnie_lyudi;;;;;;;
Москва;Бункер 2048;Серьезные Игры;request-bunker;83;60;85;60;68;80;
Москва;Секретный пациент;Серьезные Игры;request-psycho;90;83;82;62;70;80;
Москва;Мальчишник;Серьезные Игры;request-malchishnik;85;80;75;63;73;80;
Москва;Поворот не туда 2;Quest-Kar;povorot-ne-tuda-2;93;68;53;83;80;70;91
Москва;Золото Рейха;iQuest;iQuest_zoloto_reiha;0;0;0;0;0;0;
Москва;Дом;Time4Game;timeivgame_dom;0;0;0;0;0;0;
Москва;Шизофрения;Фобия;fobiya_shizofreniya;70;40;75;62;73;75;45
Москва;Операция АВАЛОН;QuestGenius;questgenius-operacija-avalon;60;57;77;62;67;80;
Москва;Проклятие ANNABELLE;Фабрика безумия;fabrika-bezumiya-proklyatie-annabelle;0;0;0;0;0;0;
Москва;Тайна третьей планеты;Questopolia;questopolia_tayna_planety;0;0;0;0;0;0;
Москва;Корабль-призрак;Questopolia;questopolia_korabl_prizrak;0;0;0;0;0;0;
Москва;Замок чародея;Questopolia;questopolia_zamok_charodeya;0;0;0;0;0;0;
Москва;Вкус Риска;the Risk Quest;riskquest_tasterisk;85;65;56;99;50;73;75
Москва;Реминискорум: Пиковая Дама;MirrorGames;mirrorgames_reminiskorum;95;82;60;67;65;80;50
Москва;Хардкор;Hardcore Quest;Hardcore_Quest;0;0;0;0;0;0;
Москва;Изолятор;Fastumgame;fastumgame_izolyator;0;0;0;0;0;0;
Москва;Холодное сердце;Fastumgame;holodnoe_serdze;0;0;0;0;0;0;
Москва;Грани будущего;Серьезные Игры;grani_budushego;0;0;0;0;0;0;
Москва;Корабль Смерти;Головоломка;zoloto_himeri;92;81;81;60;68;80;55
Москва;Прятки 3.0;ExitGames;hide-and-seek;0;0;0;0;0;0;
Москва;Прятки 2.0;ExitGames;ExitGames_pryatki2;0;0;0;0;0;0;
Москва;Прятки KIDS;ExitGames;pryatki2-kids;0;0;0;0;0;0;
Москва;Дело - труба!;ExitGames;delo-truba;0;0;0;0;0;0;
Москва;Школа волшебства;ExitGames;shkola_volshebstva;0;0;0;0;0;0;
Москва;Школа супергероев;ExitGames;shkola_supergeroev;0;0;0;0;0;0;
Москва;Сайлент Хэлл;Улица Квестов;silent_hell_ulitsa;90;70;78;67;70;75;60
Москва;Особняк с привидениями-2;World of Quests;osobnyak2;83;70;60;60;62;80;60
Москва;Проект PSYCHO;PSYQuest;psycho_quest;93;84;50;62;72;80;92
Москва;Корпоратив Госпром;ВыХод;korporativ_gosproma;85;77;78;60;60;80;
Москва;Мы из Будущего;Questarium;kwesti_1941;0;0;0;0;0;0;
Москва;Тайна заброшенного приюта;Клаустрофобия;Taina_zabroshennogo_priyuta;0;0;0;0;0;0;
Москва;Лёд и Пламя;Podzemka;Podzemka_igra_prestolov;60;60;63;60;62;75;
Москва;Симпсоны в реальности;Podzemka;podzemka_simpsony;80;60;77;60;70;70;
Москва;Алиса в стране кошмаров;Podzemka;alisa_v_strane_koshmarov;0;0;0;0;0;0;
Москва;Стальной разум;Игра Разума;stalnoy_razum;70;60;75;57;60;80;
Москва;Поставщики смерти;MSKQUEST;postavwiki_smerti;83;70;50;74;67;70;86
Москва;Тюряжка;Тюряжка;tyuryazhka;0;0;0;0;0;0;
Москва;Сдается квартира;PSYQuest;sdaetsya_kvartira;0;0;0;0;0;0;
Москва;Иллюзия обмана;Арена квест;illyuziya_obmana;0;0;0;0;0;0;
Москва;Афера по-испански;Ловушка;afera_po_ispanski;80;65;77;60;62;80;
Москва;Люди Льда;IQ Lab Quest;lyudi_lda;60;60;78;60;60;80;
Москва;Цех;CityQuest;cityquest_zeh;0;0;0;0;0;0;
Москва;Книга тайн;CityQuest;cityquest_kniga_tayn;0;0;0;0;0;0;
Москва;Шёпот 2. Изгнание;PrimeQuest;Shepot_izgnanie;93;85;60;85;75;79;80
Москва;Лагерь 98;Морфеус;morfeus_lager;0;0;0;0;0;0;
Москва;Мурашки;Мурашки;murashki;0;0;0;0;0;0;
Москва;Десять негритят;BestQuest Cinema;desyat_negrityat;89;83;85;65;63;80;
Москва;Волшебный переулок;TruExit;volshebniy_pereulok;0;0;0;0;0;0;
Москва;Секреты Графа Дракулы;Kvest OK;sekreti_drakuli;0;0;0;0;0;0;
Москва;Тварь;QuestPlace;questplace_tvar;0;0;0;0;0;0;
Москва;Hotel Cortez;ILUZIO;hotel_cortez;0;0;0;0;0;0;
Москва;Константин;Quest Band;questband_konstantine;97;80;53;81;75;70;81
Москва;Джейсон Вурхиз.;HorrorMystery;dzheison_vurhiz;0;0;0;0;0;0;
Москва;Затерянный мир;World of Quests;qwestern_zateryanniy_mir;0;0;0;0;0;0;
Москва;Домик ведьмы;World of Quests;qwestern_domik_vedmi;0;0;0;0;0;0;
Москва;Эсхатология: Сердце Ангела;MSKQUEST;eshatologiya_serdze_angela;90;72;51;88;65;60;90
Москва;Сверхъестественное;Rabbit Hole;rh_sverhestestvennoe;79;65;60;68;75;80;
Москва;Контрабанда;КВЕСТСИТИ;kvestsiti_kontabanda;90;78;80;65;67;70;
Москва;Звонок с того света;Подвальные страхи;zvonok_s_togo_sveta;0;0;0;0;0;0;
Москва;Лара Крофт;TruExit;truexit_lara_kroft;70;50;70;78;80;80;
Москва;Пути к отступлению;EXIT;puti_k_otstupleniyu;80;60;85;67;75;78;
Москва;Номер Глории;EXIT;nomer_Glorii;87;67;75;67;65;80;
Москва;Побег с Марса;DREVO QUEST;pobeg_s_marsa;80;65;74;68;85;80;
Москва;Западня Гарри Гудини ;DREVO QUEST;zapadnya_garry_guddini;87;65;77;65;70;80;
Москва;Бомбермен;Погружение;bombermen;0;0;0;0;0;0;
Москва;Inferno. Возрождение;Компас;kompas_inferno2;90;63;60;90;90;73;80
Москва;Бессмертие;Questmakers;questmakers_bessmertie;0;0;0;0;0;0;
Москва;По ту сторону звонка;Time for quest;Equest_zvonok;0;0;0;0;0;0;
Москва;Поворот не туда;Equest;Equest_povorot_ne_tuda;0;0;0;0;0;0;
Москва;Отель 24;Equest;Equest_pugalo;0;0;0;0;0;0;
Москва;Не вижу зла.;Equest;ne_vizhu_zla;0;0;0;0;0;0;
Москва;Игры со смертью.;QUESTFEST;igri_so_smertiyu;0;0;0;0;0;0;
Москва;Сомния;TheFearRoom;somniya_thefearroom;0;0;0;0;0;0;
Москва;"Операция ""Пингвины""";World of Quests;operaziya_pingviny;0;0;0;0;0;0;
Москва;Астрал;World of Quests;Vquest_astral;0;0;0;0;0;0;
Москва;Тайны Гравити Фолз;Кубиринт;tayna_gravity_falls;75;60;73;57;57;80;
Москва;Пожарная Часть;CityQuest;pozharnaya_chast;85;70;78;67;69;80;
Москва;Пропавшие в лесу;ATMO Quest;propavwie_v_lesu;87;78;80;63;65;77;
Москва;Черные зеркала;SuspenseQuest;zerkalnaya_masterskaya;89;75;75;80;80;75;
Москва; Пиковая дама, приди!;Хоррор-Квест;adrenalin_pikovaya_dama;80;40;55;60;50;78;66
Москва;Мафия;Go Quest;goquest_mafiya;0;0;0;0;0;0;
Москва;Инопланетный детектив;Go Quest;inoplanetniy_detectiv;0;0;0;0;0;0;
Москва;Мистическая страна;Go Quest;misticheskaya_strana;0;0;0;0;0;0;
Москва;Зачарованная академия;Go Quest;zacharovannaya_akademiya;0;0;0;0;0;0;
Москва;"Интеллектуальная викторина ""Игры разума""";IQ project;igri_razuma;;;;;;;
Москва;Звездный путь.;Rabbit Hole;zvezdniy_put;0;0;0;0;0;0;
Москва;Номер 1408;Rabbit Hole;komnata_1408;0;0;0;0;0;0;
Москва;От заката до рассвета;Rabbit Hole;ot_zakata_do_rassveta;0;0;0;0;0;0;
Москва;Мумия: зловещее пророчество;World of Quests;mumiya_prorochestvo;78;70;73;60;67;80;
Москва;Исходный код;Доктор зло;isxodniy_kod;80;83;80;60;60;80;
Москва;Ловец снов;Хоррор-Квест;lovez_snov;70;60;60;63;78;60;75
Москва;Приват;Super8;Super8;92;73;78;74;79;80;
Москва;Реактор;MSKQUEST;mskquest_reaktor;0;0;0;0;0;0;
Москва;Истязание;MSKQUEST;mskquest_istyazaniye;0;0;0;0;0;0;
Москва;Логово;MSKQUEST;logovo_mskquest;91;74;71;80;80;40;92
Москва;Эпидемия;MSKQUEST;mskquest_epidemiya;89;73;65;70;77;70;70
Москва;Забытый склад;Реальность Плюс;zabitiy_sklad;0;0;0;0;0;0;
Москва;Парфюмер;Клаустрофобия;parfyumer;0;0;0;0;0;0;
Москва;Стимпанк: Дирижабль;Клаустрофобия;stimpank_dirizhabl;91;82;85;67;77;80;
Москва;Я - робот;Клаустрофобия;ya_robot;0;0;0;0;0;0;
Москва;Обитель ;Иzнанка;iznanka_obitel;90;73;60;70;60;75;83
Москва;Валак;Hikikomori Quest;valak;70;40;50;73;63;80;70
Москва;Диверсанты в тылу врага;Чердак crazy quests;diversanty-v-lagere-dakhau;90;87;62;76;70;78;88
Москва;Логово Мафии;Oreshek Club;antonio_durillo;80;70;82;60;60;80;
Москва;Мушкетеры в замке Кардинала;Oreshek Club;mushketeri;85;80;83;65;75;80;
Москва;Баба Яга;Oreshek Club;v_gostyah_u_baby_yagi;90;80;83;60;60;80;
Москва;Подпольная лаборатория;FEAR PLAY;podpolnaya_laboratoriya;87;67;67;70;87;65;92
Москва;Пациент;Madness group;pazient;87;68;50;60;60;80;82
Москва;Логово Палача.;Эпидемия;logovo_palacha;0;0;0;0;0;0;
Москва;Мафия;Квест Клуб;maphiya;0;0;0;0;0;0;
Москва;Назад  в будущее;Квест для всех;dlya-vseh-nazad-v-buduzhee;0;0;0;0;0;0;
Москва;Остров сокровищ;Квест Клуб;ostrov_sokroviw_zoloto;0;0;0;0;0;0;
Москва;Ангелы и Демоны;Квест Клуб;angely_i_demony;0;0;0;0;0;0;
Москва;Начало: Побег.;Квест №1;nachalo_pobeg;0;0;0;0;0;0;
Москва;Начало: противостояние.;Квест №1;nachalo_protivostoyanie;0;0;0;0;0;0;
Москва;Космическая одиссея. Секретный груз ;DREVO QUEST;kosmicheskaya_odisseya_sekretnyy_gruz;0;0;0;0;0;0;
Москва;Лихие 90-е;Questarium;Questarium_lihie_90;85;73;81;63;60;80;
Москва;Джокер против всех;QuestHub;dzoker_protiv_vseh;83;80;83;60;80;80;
Москва;Дикость;Savagery;dikosti;0;0;0;0;0;0;
Москва;Эксперимент;Шокотерапия;shokoterapiya_experiment;85;60;30;80;86;75;
Москва;Помни;ExiTTime;exittime_pomny;85;85;75;60;57;79;60
Москва;Блатная романтика.;HorrorHouse;blatnaya_romantica;0;0;0;0;0;0;
Москва;Гарри Поттер Подземелье Слизерина;Киноквест;podzemelie_slizerina;70;60;60;60;60;75;
Москва;Что тебе снится?;inQuestLife;chto_tebe_snitsya;70;60;67;60;60;80;
Москва;Зеркала;inQuestLife;inQuestLife_zerkala;77;77;70;65;65;75;40
Москва;Пиковая дама;Портал страха;pikovaya_dama;0;0;0;0;0;0;0
Москва;Город цистерна.;Lost Rooms;gorod_cisterna;0;0;0;0;0;0;0
Москва;Часовая башня.;Lost Rooms;Bashnya;0;0;0;0;0;0;0
Москва;Тайна побега;ROOMBOX;tayna_pobega;80;70;73;67;64;80;
Москва;72 метра под водой;ROOMBOX;72m_under_the_see;70;65;75;65;70;80;
Москва;Команда звездолета;ROOMBOX;kom_zvez;0;0;0;0;0;0;
Москва;Золото пиратов;ROOMBOX;pirate_gold;75;60;70;55;65;80;
Москва;Женщины с Венеры;ГАЛАКВЕСТ;zhenshhiny_s_venery;83;80;87;60;75;80;
Москва;Контакт;Клаустрофобия;the_complex_initiation;85;80;70;75;82;80;
Москва;Левиафан;Street Quest;leviafan;0;0;0;0;0;0;
Москва;Узник Азкабана;Квест для всех;uznik-azbakana;0;0;0;0;0;0;
Москва;Восхождение Ганнибала;СкРеЖеТ;voshozdenie-hannibala;0;0;0;0;0;0;0
Москва;Эйнштейн Party ;4 Измерение;four-izmerenie-einstein-party;;;;;;;
Москва;Петля;World of Quests;petlya_boogimanquest;85;87;60;60;80;80;87
Москва;Третьяковский детектив;"ООО ""Intedu""";tretjakovskij-detektiv;0;0;0;0;0;0;
Москва;Ловушка психопата;Grim Quest;lovychka-psixopata;0;0;0;0;0;0;0
Москва;"1408. Отель ""Дельфин""";World of Quests;1408-otel-delfin;82;76;80;72;72;80;40
Москва;Хижина в лесу;Фактор Страха;faktor-hizhina;0;0;0;0;0;0;0
Москва;Бруклин 9-9;Грань Разума;bruklin-9-9;0;0;0;0;0;0;
Москва;Охотники  за привидениями;Грань Разума;oxotniki-za-privideniyami;0;0;0;0;0;0;
Москва;Я - Легенда;Грань Разума;ya_legenda;0;0;0;0;0;0;
Москва;Исцеление Дракулы;Грань Разума;iscelenie-drakuly;0;0;0;0;0;0;
Москва;Джиперс Криперс;Грань Разума;dzhipers_kripers;0;0;0;0;0;0;
Москва;Боги Египта;Грань Разума;bogi_egipta;0;0;0;0;0;0;
Москва;Screamed Quest 2;Fire quest;creamed_quest2;75;58;40;80;58;70;69
Москва;Alive;Quest-Art;strain;96;87;50;65;80;77;93
Москва;Обитель зла;DreadGames;dreadgames_residentevil;87;80;87;73;63;80;
Москва;ELSA;Дикий страх;strah_elza;90;79;50;70;60;78;84
Москва;Машина времени;CityQuest;cityquest-mashina-vremeni;0;0;0;0;0;0;
Москва;Зазеркалье;CityQuest;cityquest-zazerkalie;0;0;0;0;0;0;
Москва;Цитадель 117;Адреналин 24;tsitadel-117;80;75;77;55;50;80;
Москва;Премьера для Премьера;EXIT;premera-dlya-premera;80;83;79;65;70;80;
Москва;"Ролевая игра ""GOTHAM""";Тринадцатый этаж;rolevaj-igra;0;0;0;0;0;0;
Москва;Тайны старого дома;Исторический квест;tayny-starinnogo-doma;0;0;0;0;0;0;
Москва;S.T.A.L.K.E.R: Лунный свет;Киноквест;kino-kvest-stalker;0;0;0;0;0;0;
Москва;Сонный паралич;Stalker-quest;son_paral;91;67;65;73;70;78;91
Москва;Кошмарный сон;MarabuQuest;kosh_son;0;0;0;0;0;0;
Москва;Сверхъестественное;Киноквест;sverhestestvennoe;78;60;75;60;80;80;
Москва;Свадьба на выживание;Happymakers;svadba-na-vyzhivanie;0;0;0;0;0;0;
Москва;Таинственный лес;QuadRider;tainstvennyj-les;0;0;0;0;0;0;
Москва;Протон: космическая одиссея;QuadRider;proton-kosmicheskaja-odisseja;0;0;0;0;0;0;
Москва;Крик;Портал страха;krik;0;0;0;0;0;0;0
Москва;Screamed Quest;Fire quest;screamed-quest;0;0;0;0;0;0;0
Москва;Искатели могил;Портал страха;iskateli-mogil;0;0;0;0;0;0;0
Москва;Механизмы Мориарти;Механизм Квест;mehanizmy-moriarti;0;0;0;0;0;0;
Москва;Буря в пустыне;Epicquest;burya_v_pustyne;0;0;0;0;0;0;
Москва;Бабадук;Formulakvesta;babaduk;0;0;0;0;0;0;0
Москва;Тайный Орден;В Подвале;tajny-orden;0;0;0;0;0;0;
Москва;Lost in the dark;Mysterious Quest;lost-in-the-dark;0;0;0;0;0;0;0
Москва;Спасти Бонда!;World of Quests;spasti-bonda;0;0;0;0;0;0;
Москва;Коллекционер-2;Квестпоиск;kollektsioner-2;0;0;0;0;0;0;0
Москва;Кольцо Нибелунгов;ExitGames;koltso-nibelungov;0;0;0;0;0;0;
Москва;Маяк;Quest-Rum;majak;0;0;0;0;0;0;
Москва;Объект;Quest-Rum;objekt;0;0;0;0;0;0;
Москва;Последний киногерой;Funlock;posledny-kinogeroy;0;0;0;0;0;0;0
Москва;Алиса в Cтране чудес;Questopolia;questopolia-alisa-v-strane-chudes;0;0;0;0;0;0;
Москва;X-TEAM;TeamExit;x_team;;;;;;;
Москва;Красный дракон;Иzнанка;red-dragon;91;65;58;60;78;58;
Москва;Сокровища Мумии;ROOMBOX;roombox_mumiya;70;60;70;50;65;80;
Москва;Мастер и Маргарита;Questopolia;master-i-margarita;0;0;0;0;0;0;0
Москва;Приют 13;Фактор Страха;priut;0;0;0;0;0;0;0
Москва;Беги через Джунгли;Questopolia;dgyngli;0;0;0;0;0;0;0
Москва;Святая Инквизиция;Questopolia;inkviziciya;0;0;0;0;0;0;0
Москва;Сверхъестественное;World of Quests;Hyperphysical;0;0;0;0;0;0;0
Москва;Обитель безумия;Психоквест;bezymie;0;0;0;0;0;0;0
Москва;Дизельпанк Дирижабль;АндерСон;dirigabl;0;0;0;0;0;0;0
Москва;Симфония Ужаса;Фактор Страха;simphoniya;0;0;0;0;0;0;0
Москва;Алиса;Исключение;alisa-v-strane;78;72;68;65;72;80;0
Москва;Проклятие;World of Quests;proklyatie;0;0;0;0;0;0;0
Москва;С высоты птичьего полёта - на Останкинской телебашне;Мысли вслух;bird-flight;0;0;0;0;0;0;0
Москва;Туртурион;QuestOut.club;turturion;84;67;77;60;62;80;0
Москва;Вий;Вий;perfomans-viy;93;83;70;77;63;79;92
Москва;Симпсоны: тайна Гомера;World of Quests;gomer;0;0;0;0;0;0;0
Москва;Тайна Оборотня;World of Quests;oboroten;0;0;0;0;0;0;0
Москва;Тайна заблудших душ;Fastumgame;zablydshie-dyshi;0;0;0;0;0;0;0
Москва;Таинственная поляна;Fastumgame;polyana;0;0;0;0;0;0;0
Москва;Клад на ферме;Fastumgame;klad-na-ferme;0;0;0;0;0;0;0
Москва;"Остров ""Пасхи""";Fastumgame;ostrov_pashi;0;0;0;0;0;0;0
Москва;Сокровища подземки;Fastumgame;podzemka;0;0;0;0;0;0;0
Москва;На помощь!;Фактор Страха;na-pomosh;0;0;0;0;0;0;0
Москва;Проклятие бога сна: в объятиях Морфея;Интеллект Квест;v-obyatiyakh-morfeya;77;60;72;60;58;80;
Москва;Лабиринт;Лабиринтариум;labirintarium-labirint;0;0;0;0;0;0;
Москва;Запретный эксперимент;Адреналин 24;zapretny-eksperiment;0;0;0;0;0;0;
Москва;Не тот дом;Доктор зло;help-me;0;0;0;0;0;0;0
Москва;Ограбление ISTRA BANK;Мухоловка;istra-bank;0;0;0;0;0;0;
Москва;Звонок;Funlock;funlock_zvonok;0;0;0;0;0;0;0
Москва;Кинотеатр забвения;Клаустрофобия;kinoteatr_zabveniya;0;0;0;0;0;0;0
Москва;Полярная станция;Клаустрофобия;station;0;0;0;0;0;0;0
Москва;Астрал;Фактор Страха;faktor-astral;0;0;0;0;0;0;0
Москва;Проклятие мертвеца;Клаустрофобия;Pytka;0;0;0;0;0;0;0
Москва;Искусственный интеллект;Клаустрофобия;intellect;0;0;0;0;0;0;
Москва;Последняя загадка Леонардо;Клаустрофобия;leonardo;0;0;0;0;0;0;0
Москва;Корабль-призрак;World of Quests;world_of_quests_korabl-prizrak;82;65;75;63;70;80;
Москва;Лабиринт;В Подвале;vpodvale_labirint;0;0;0;0;0;0;0
Москва;Космическая ловушка;Questoria;kosmicheskaya_lovushka;0;0;0;0;0;0;
Москва;Город сталкеров;Questoria;questoria_gorod_stalkerov;0;0;0;0;0;0;
Москва;Миссия невыполнима;Okvo Quests;okvo_quests_missia_nevipolnima;0;0;0;0;0;0;
Москва;Назад в будущее;Ходилки Бродилки;hodilkibrodilk_nazad_v_budushee;0;0;0;0;0;0;
Москва;Тайной тропой в Китай;Ходилки Бродилки;hodilkibrodilk_v_kitai;0;0;0;0;0;0;
Москва;Подвиг разведчика;Street Adventure;podvig_razvdechika;0;0;0;0;0;0;
Москва;ПСИХОЗ ;Театр ужаса;p_psihoz;92;70;42;67;67;67;87
Москва;Help Шерлок!;Теория Побега;help-sherlock;0;0;0;0;0;0;
Москва;7 Семь грехов;inQuestLife;7_grehov;0;0;0;0;0;0;
Москва;Пираты Карибского Моря. Проклятие Черной жемчужины;BestQuest Cinema;piraty-karibskogo-morya-proklyatie-chernoj-zhemchuzhiny;70;65;73;62;71;80;
Москва;Мастерская Волшебника;Интуиция;illyuzion;0;0;0;0;0;0;
Москва;Ошибка резидента 2.0;QuestHub;oshibka-residenta-2;0;0;0;0;0;0;
Москва;Дом Самурая;Запертые;dom-samuraya;0;0;0;0;0;0;
Москва;Криминальное расследование;Zona Z;kriminalnoye_rassledovanie;0;0;0;0;0;0;
Москва;Игра с призраком;Zona Z;igra_s_prizrakami;0;0;0;0;0;0;0
Москва;Секреты цирка;Клаустрофобия;sekrety-tsirka;0;0;0;0;0;0;
Москва;Код Да Винчи;Клаустрофобия;phobia_kod_da_vinci;0;0;0;0;0;0;
Москва;Ночной кошмар;Клаустрофобия;nocnoy_koshmar;0;0;0;0;0;0;0
Москва;Дом призраков;Клаустрофобия;dom_prizrakov;0;0;0;0;0;0;0
Москва;Фабрика Санты;Клаустрофобия;fabrika-santy;0;0;0;0;0;0;
Москва;Арабская ночь;Enigma;ara_night;80;70;60;60;60;80;
Москва;Штрана: миссия уничтожить;Клаустрофобия;shtrana_missia_unichtozit;0;0;0;0;0;0;
Москва;Летучий голландец;Клаустрофобия;letuchy_gollandec;0;0;0;0;0;0;
Москва;Тайное братство;Бункеров.Нет;tainoe_bratstvo;0;0;0;0;0;0;
Москва;Загадка прошлого;Бункеров.Нет;zagadki_proshlogo;0;0;0;0;0;0;0
Москва;Четыре комнаты;Бункеров.Нет;4_komnati;0;0;0;0;0;0;
Москва;Космическое вторжение на Территорию Х ;Podzemka;territoria_x;0;0;0;0;0;0;
Москва;Лаборатория;Лабиринт памяти;laboratoria;0;0;0;0;0;0;
Москва;Сокровища Майя;Эндорфин;sokrovishe_maya;80;67;72;62;63;80;
Москва;Белый лебедь: за час до расстрела...;Квест Клуб;belyj-lebed;0;0;0;0;0;0;
Москва;Малыш и Карлсон;Квести;malish_i_karloson;0;0;0;0;0;0;
Москва;Тайна заброшенного дома;Квести;taina_zabroshennogo_doma;0;0;0;0;0;0;0
Москва;Гуантанамо;Funlock;guantanamo;0;0;0;0;0;0;
Москва;Хижина Друида;Квест Миг;hizhina-druida;0;0;0;0;0;0;
Москва;Хитрая комната;Хитрые люди;hitraya_komnata;0;0;0;0;0;0;
Москва;Гестапо;Запертые;gestapo;0;0;0;0;0;;0
Москва;Нехорошая квартира;EscapeRooms;nehoroshaya-kvartira;0;0;0;0;0;0;
Москва;Тюрьма;В Подвале;tyurma;0;0;0;0;0;0;
Москва;Игры разума;iQUESTrium;igry-razuma;0;0;0;0;0;0;
Москва;Сокровище нации;Эндорфин;sokrovische-nacii;80;65;77;60;60;80;
Москва;Код Да Винчи;Funlock;kod-da-vinchi;0;0;0;0;0;0;
Москва;МосКвиз;Москвиз;moskviz;;;;;;;
Москва;Пила: Игра на выживание;Questarium;saw-escapegame;0;0;0;0;0;0;0
Москва;Космическая одиссея;Клаустрофобия;space-odyssey;0;0;0;0;0;0;0
Москва;Игры разума;ВыХод;vihod_igry_razuma;80;68;77;60;60;80;0
Москва;Проклятие лабиринта;ExitGames;the-curse-of-the-maze;0;0;0;0;0;0;0
Москва;Одни дома;ExitGames;home-alone;0;0;0;0;0;0;0
Москва;Руками не трогать;ExitGames;do-not-touch;0;0;0;0;0;0;0
Москва;№46108;ExitGames;46108;0;0;0;0;0;0;0
Москва;Свистать всех наверх!;ExitGames;all-hands-on-deck;0;0;0;0;0;0;0
Москва;Бейкер-стрит, 221 B;Клаустрофобия;baker-street221B;;;;;;;
Москва;Хранилище;Funlock;khranilische;0;0;0;0;0;0;0
Москва;Титаник;Funlock;titanic;0;0;0;0;0;0;0
Москва;Мясник из Майями;Questmakers;miami-butcher;80;70;73;58;60;80;0
Москва;Советская квартира;Клаустрофобия;soviet-flat;0;0;0;0;0;0;0
Москва;"Мотель ""Австралия""";Клаустрофобия;motel-australia;0;0;0;0;0;0;0
Москва;Побег;ВыХод;police-precinct;80;71;70;63;60;80;0
Москва;Средневековый замок;Клаустрофобия;medieval-castle;0;0;0;0;0;0;0
Москва;Затащи меня в ад;ID Quest;faktor-zatazhi-menya-v-ad;0;0;0;0;0;0;0
Москва;Секретное расследование;PARALLELQUEST;dantist;78;60;80;60;60;80;
Москва;Погребенный заживо;ВыХод;pogr_zaj;85;70;60;60;80;79;
Москва;День выборов ;ВыХод;den_vib;82;85;75;63;73;80;
Москва;Я легенда;Пятый уровень;pyatiy_ya_legenda;85;78;80;70;73;80;45
Москва;Жмурки. Прятки в темноте;Погружение;jmurki;80;60;30;87;70;65;60
Москва;Квартира Жанны Агузаровой ;ВыХод;kv_j_ag;90;85;78;60;78;80;
Москва;Проклятие Ведьмы;Quest 666;vedma;85;62;72;62;60;80;0
Москва;Пила;Quest 666;pila-quest-666;78;60;73;65;75;78;40
Москва;Стражи галактики;MysteryQuest;chernaya-planeta;75;65;75;65;70;80;
Москва;Гостиничный номер 1408;PARALLELQUEST;1408_pq;90;80;73;60;60;80;
Москва;Жара;Quest-Jara;jara;92;70;63;78;75;65;90
Москва;Спасти школу;Real Quest;spasti-shkolu;0;0;0;0;0;0;
Москва;Вуду;Лабиринт памяти;vudu_lp;80;60;75;63;60;80;
Москва;Прятки в темноте;QuestEmpire;priatki_v_temnote_qe;60;40;25;65;60;80;60
Москва;Жилец;Клетка;jilets;91;65;72;80;70;65;72
Москва;Не тот цирк;Phobiamaster;ne_tot_tsirk;93;65;70;76;78;60;92
Москва;Школа магии;TruExit;hogvarts;0;0;0;0;0;0;
Москва;Тайна Мерлина;TruExit;tajna-merlina;0;0;0;0;0;0;
Москва;Чужой;TruExit;chuzhoy;80;70;70;55;50;80;
Москва;Люди в черном;TruExit;ljudy-v-chernom;78;63;75;63;83;80;
Москва;Стражи галактики;TruExit;strajy-galaktiki;80;70;75;67;60;80;
Москва;Джуманджи: Космос;TruExit;djumanji-kosmos;0;0;0;0;0;0;
Москва;"Ограбление ""Века""";Клаустрофобия;ograblenie_veka;100;100;30;92;70;60;
Москва;Дом Восковых Фигур;PartyQuest;dom-voskovyh-figur;79;60;73;60;60;79;0
Москва;Пятница 13;HorrorHouse;pjatnitsa-13;0;0;0;0;0;0;
Москва;Бар;CityQuest;bar;0;0;0;0;0;0;
Москва;Склеп;CityQuest;sklep;83;70;75;65;65;80;
Москва;Сокровища Дракулы;Rabbit Hole;sokrovisha-drakuly;88;80;80;63;60;80;
Москва;Инквизиция;Rabbit Hole;inkvizitsiya;83;70;80;60;80;80;
Москва;Ночь на кладбище;Rabbit Hole;noch-na-kladbishe;0;0;0;0;0;0;
Москва;Алхимик. Месть Франкенштейна;Rabbit Hole;frankenstein-rh;90;63;79;67;78;80;
Москва;Город грехов;Rabbit Hole;gorod-grehov;89;80;73;57;60;80;
Москва;29 недель спустя;HorrorHouse;29-nedel;80;74;50;78;60;75;76
Москва;Опасная игра;Пятый уровень;legenda-starogo-baikera;87;70;77;60;63;78;
Москва;Принц Персии;LOST;sokr_per;87;63;77;60;60;80;
Москва;Тайна перевала Дятлова;Технология квеста;tayna-perevala-dyatlova;0;0;0;0;0;0;
Москва;ГЕКСА;ГЕКСА КВЕСТ;geksa;85;60;75;63;77;80;
Москва;Миньоны;TruExit;miniomi;80;70;75;65;67;80;0
Москва;Последний пепелац;Кубикулум;pepelac;93;79;83;63;67;80;
Москва;Перфоманс 21;Технология квеста;perfomans-21;95;60;58;70;80;70;92
Москва;Черная метка;Проект Нейрон;chernaya_metka;83;60;77;65;63;80;
Москва;Инстинкт;Шокотерапия;instinct_msk;93;60;55;79;80;75;74
Москва;Интерстеллар;Ловушка;interstellar_virt_quest;88;78;47;67;77;75;0
Москва;Рекруты МИ6;Ловушка;rekruty_mi6;74;65;78;73;73;80;
Москва;Карантин ин да Хаус;Ловушка;karantin_in_da_haus;80;77;75;60;80;78;
Москва;12 стульев;PartyQuest;12_stuliev;75;55;73;55;55;80;
Москва;Симпсоны;PartyQuest;simpsons;80;67;69;60;60;80;
Москва;Общага МГУ;PartyQuest;obschaga_mgu;80;67;70;60;60;80;
Москва;От заката до рассвета;PartyQuest;ot_zak_do_ras;85;67;60;60;60;80;
Москва;Арт Квест Алиса;Кубиринт;art_quest_alisa;88;80;78;65;67;80;
Москва;Кошмар Фредди;Кубиринт;koshmar_freddy;90;68;60;60;60;70;69
Москва;Таинственный остров Бермудского Треугольника;Kvest OK;tain_ost;70;60;70;55;60;80;
Москва;Загадочное исчезновение;Kvest OK;zag_isch;75;68;73;60;68;80;0
Москва;Путешествие в изумрудный город;Серьезные Игры;put_v_izum_g;80;67;65;70;65;80;
Москва;Эхо;Адреналин 24;adrenalin_eho;85;90;83;65;70;80;
Москва;Тайны старинных машин;Quest Reality;tayyni_st_m;0;0;0;0;0;0;
Москва;Время;Quest Reality;vremya_qr;78;70;73;60;60;73;
Москва;Портал;Росквест;portal_rk;80;70;84;66;67;80;
Москва;За Гранью;Росквест;za_granyu_rk;83;70;83;66;60;80;
Москва;Индиана Джонс и храм иллюминатов;ArmaGames;indiana_jones;82;67;77;60;75;70;0
Москва;Магия Кино;CityQuest;magiya_kino;80;67;77;63;60;80;
Москва;Унесенные призраками;Langoth quests;unes_priz;85;60;79;77;70;77;
Москва;Ограбление банка;Квестомания;ogr_banka_km;0;0;0;0;0;0;
Москва;Призрак;Квестомания;prizrak_kvm;93;80;76;60;78;80;0
Москва;Эротическое приключение;Квестомания;erot_prik;80;67;60;70;67;80;
Москва;Музей (Проникновение в хранилище);Room Quest;muzey_rq;70;57;70;57;60;80;
Москва;Банк (Ситуация с ограблением);Room Quest;bank_rq;0;0;0;0;0;0;0
Москва;Восторг (Подводный город);Room Quest;vostorg;85;73;78;60;68;80;0
Москва;Сервис (Наследство механика);Room Quest;servis_1;0;0;0;0;0;0;0
Москва;Школа магии (Последнее задание волшебника);Room Quest;shkola_magii;80;65;77;62;78;80;
Москва;Отель (13-й этаж);Room Quest;Hotel_1;0;0;0;0;0;0;0
Москва;Чаша Амазонки;ГАЛАКВЕСТ;chasha_amazonki;80;70;73;60;60;80;
Москва;В поисках шестого чувства;ГАЛАКВЕСТ;v_poiskah_6_chustva;70;57;85;65;84;80;
Москва;Red Vinyl;HorrorHouse;red-vinyl;0;0;0;0;0;0;
Москва;Людоед;Клиника др. Страха;Lyudoed;97;90;76;85;50;60;90
Москва;Узники Подземелья;Клаустрофобия;Uzniki_Podzemelya;85;75;65;63;75;78;
Москва;Стрип-Клуб;Пятница 13-е;Peformans_Strip_Klub;91;75;69;58;70;80;
Москва;Анубис;Quest-Studio;Anubis;94;80;80;80;63;70;
Москва;Исполнитель желаний;MadQuest;Ispolnitel_jelanii;85;68;60;75;60;75;69
Москва;Тайна заброшенного храма;World of Quests;Taina_zabroshennogo_hrama;75;64;80;67;75;80;
Москва;Билет в один конец;IQ МАНИЯ;Bilet_v_odin_konec;90;70;80;57;60;80;
Москва;FOBOS;Do quest - be cool;FOBOS;90;70;62;67;60;77;75
Москва;Чистилище;Клаустрофобия;chistilische;87;86;65;67;60;79;
Москва;Форт Боярд;Арена квест;Arena_v_Rime;0;0;0;0;0;0;0
Москва;Лаборатория Р-053;Реальность Плюс;laba_p-053;80;65;60;70;60;80;
Москва;Секретные материалы;Проект Нейрон;Sekretnie_materiali;;;;;;;
Москва;Куб;Проект Нейрон;Kub;75;60;67;77;70;80;
Москва;Масонский орден;Проект Нейрон;Masonskii_orden;85;67;79;77;67;79;
Москва;Покушение на царя;Проект Нейрон;Pokushenie_na_carya;80;80;69;60;65;80;
Москва;Мафия;Проект Нейрон;MafiyaNeuron;79;69;79;65;75;80;
Москва;ЗЛО;ЗЛО;ZLO;93;80;73;73;80;80;90
Москва;Психиатрическая лечебница Dark Mind;Epic Quest;Psihiatricheskaya_lechebnica_Dark_Mind;82;70;60;55;50;78;
Москва;Штамм;MSKQUEST;Shtamm;93;80;70;73;62;79;91
Москва;Карибский Гамбит;Enigma;Karibskii_Gambit;80;74;75;57;79;80;
Москва;Репортаж из преисподней;Psychoquest;Reportaj_iz_preispodnei;0;0;0;0;0;0;
Москва;Hell House;4Quests;hell_house;80;68;65;75;70;78;76
Москва;Звёздный спецназ;Улица Квестов;starshiptroopers;85;70;77;70;65;80;
Москва;Белый шум;GrimTeam;beliy_shum;93;78;70;55;72;79;92
Москва;Секретные материалы: проект Чужой;ArmaGames;sekretniye_materiali_pj;82;70;80;60;65;80;
Москва;ВОСК;Sтанция-kvest;vosk;85;70;67;65;70;73;90
Москва;"Миссия ""Орион""";Серьезные Игры;Missiya_Orion;88;77;75;70;80;80;
Москва;Эпизод V-I. Игра вслепую;Морфеус;Epizod_V_I_Igra_vslepuyu;93;100;65;75;60;80;
Москва;ТРЕШ;ParanoiaClub;tresh;85;78;63;75;65;75;90
Москва;КлоунАДА;Quest point;klounada;85;63;60;67;67;80;88
Москва;Не добро пожаловать;НЕИЗВЕСТНОСТЬ;ne_dobro_pozalovat;85;73;70;57;60;79;75
Москва;Машина Времени. Тайна профессора Рихтера;DREVO QUEST;mashina_vremeni_tayna_professora_rihttera;88;90;83;62;57;80;
Москва;Секретная служба Её Величества;Ловушка;aekretnaya_slujba_ee_velichestva;81;65;80;65;65;80;
Москва;Gloom;Hunter Quest;Gloom;0;0;0;0;0;0;
Москва;Астрал;BooHouse;astral;90;75;65;67;65;70;90
Москва;ТЕМНОТА 2.0;Quest Reality;TEMNOTA_2;80;70;69;60;70;77;71
Москва;ЖЕСТЬ 2: Возмездие;Best Quest;JEST_2_Vozmezdie;90;80;60;75;70;65;90
Москва;Панацея;WooWoo;Panaceya;85;75;68;80;80;70;91
Москва;Проект Крона (Мэд Хаус приквел);Quest-Art;Krona;91;88;60;70;70;75;74
Москва;Silent Hill;D-cube;Silent_Hill;95;75;57;75;75;50;91
Москва;На грани;Prostokvest;Na_grani;90;60;45;70;81;75;88
Москва;Простоквашино;"Инновационный центр развития ребенка ""София""";Prostokvashino;80;70;60;70;60;80;
Москва;Альтаир 2.0;Лабиринт памяти;Altair2;80;63;80;67;80;80;
Москва;Тайный заговор;World of Quests;Tainii_zagovor;80;77;85;60;70;80;
Москва;Прятки в темноте 2.0;GetEvent;Pryatki_v_temnote_2;77;60;41;80;60;70;60
Москва;Бессонница;DD;bessonnica;93;45;60;83;75;60;93
Москва;Земля Фараонов;Улица Квестов;Mumiya_ulitsa;85;60;80;60;80;80;
Москва;МРАК;Без Границ;MRAK;80;67;60;85;73;67;91
Москва;По ту сторону;Шоу-квест;Po_tu_storonu;85;63;73;50;60;80;69
Москва;Hostel - Перформанс;Quest 666;Hostel_Performans;90;60;55;65;70;75;72
Москва;Тактика;Мослабиринт;taktika;70;40;60;70;90;80;
Москва;Последнее Пророчество Нострадамуса;ArmaGames;nostradamus;80;60;65;50;80;80;
Москва;Фильтр Тоналя;Joyment;Filtr_Tonalya;0;0;0;0;0;0;
Москва;Сны;QuestQuest;Sni_Performans;91;70;60;75;90;70;89
Москва;Неисправный Телепорт;Real Quest;Neispravnii_Teleport;80;70;77;65;77;80;
Москва;Почта Будущего;Квеструм.рф;Pochta_Buduschego;83;80;78;65;65;80;
Москва;Фотолаборатория Призрака;Квеструм.рф;Fotolaboratoriya_Prizraka;75;65;80;60;60;80;
Москва;Дети мафии: Подпольное казино;Пятница 13-е;Podpolnoe_kazino13;83;67;83;63;63;80;
Москва;Однажды в Америке;Wember;Suhoi_zakon;81;80;50;60;60;75;
Москва;MIRDAUS;MIRDAUS Quest;MIRDAUS;92;78;60;75;80;55;93
Москва;Бастер: Твои крики смешат меня;TryToExit;Tvoi_kriki_smeshat_menya;90;60;70;70;60;70;89
Москва;Клуб Энигма;Golovolomka;Klub_Enigma;80;40;80;20;90;85;
Москва;Тайна поместья 2;ILUZIO;Taina_pomestya_2;91;70;65;75;70;70;93
Москва;Zombieland;Росквест;Zombieland;95;90;50;90;85;60;92
Москва;Ангел Смерти;RagnarokFight;Angel_Smerti;85;58;40;75;70;75;75
Москва;Смертельный номер;Zona Quest;Smertelnii_nomer;91;63;70;75;70;80;70
Москва;За гранью чувств;Арена Квест;Za_granyu_chuvstv;70;60;85;85;70;73;
Москва;Нечто;ILLUZZIUM;ILLUZZIUM;93;80;63;75;75;78;92
Москва;Либерия (Библиотека Ивана Грозного);Хокинг;Biblioteka_Ivana_Groznogo;84;65;75;63;60;80;
Москва;Профессор Вуду;Погружение;vudu;85;70;80;75;70;70;
Москва;Мумия;Компас;Mumiya_questclub;0;0;0;0;0;0;
Москва;Пятница 13;Компас;Pyatnica_13;75;70;70;65;80;75;71
Москва;"Друзья Оушена: миссия ""Кубок Рубика""";DistrictUM;Druzya_Oushena_missiya_Kubok_Rubika;80;65;85;63;70;80;
Москва;Самый страшный квест;Технология квеста;Samii_strashnii_kvest;80;50;40;60;80;67;60
Москва;Другой мир;Хокинг;Drugoi_mir;80;60;78;70;80;78;
Москва;Амнезия;Party Hard;Amneziya;77;90;73;70;75;78;67
Москва;Москва 2048;MSK2048;Moskva_2048;100;90;55;70;70;60;
Москва;Гравитация (VR квест);CityQuest;Gravitaciya;90;80;50;70;80;75;
Москва;Тайная комната;Podzemka;Tainaya_komnata;87;70;65;60;60;79;
Москва;Грим ;Клаустрофобия;Cirk_Fantom;93;80;65;70;70;75;50
Москва;Help Шерлок!;Escape Theory;Help_Sherlok;0;0;0;0;0;0;
Москва;Лихие 90-е;Тайник на Рублевке;90e;83;60;80;67;70;70;
Москва;Ночной Техас;Игра Разума;nochnoy-texas;82;67;85;62;67;79;
Москва;Логово Вампира;World of Quests;Qwestern;82;60;85;62;75;80;
Москва;Последняя экскурсия;World of Quests;world_of_quests_ekskursiya;94;80;40;90;65;65;94
Москва;Подземелья Московского Кремля;Пятница 13-е;Podzemelya_Moskovskogo_Kremlya;88;70;77;65;67;78;
Москва;Перекрёсток времени;Серьезные Игры;Perekrestok_vremeni;90;80;82;60;65;80;
Москва;Зазеркалье;Армаквест;Zazerkale;92;60;80;70;70;80;
Москва;Призрак невесты;QuestHub;prizrak-nevesti;0;0;0;0;0;0;
Москва;Дом Беллы;Чердак crazy quests;Dom_Belli;93;67;67;70;67;78;75
Москва;Шёпот;PrimeQuest;Shepot;95;80;60;70;70;80;94
Москва;Тайны Мексики;Rabbit Hole;Taini_Meksiki;88;60;77;62;70;77;
Москва;Семейка Аддамс ;Rabbit Hole;Dom_semeiki_Addams;83;57;88;70;85;80;
Москва;Машина времени;Тайник на Рублевке;Mashina_vremeni;85;60;85;60;70;80;
Москва;Супермаркет зомби;Клуб Квестов;Supermarket_zombi_II;91;85;75;70;60;79;70
Москва;Теория полураспада;QuestPlay;Teoriya_poluraspada;90;65;85;71;80;80;
Москва;Бездна;Quest Reality;Bezdna_qr;82;65;82;60;60;80;
Москва;Гарри Поттер: Дары Смерти;Киноквест;harrypotter;87;60;85;60;65;80;
Москва;Потерянный сигнал;MysteryQuest;poteryanni_signal;90;77;70;60;70;77;
Москва;Чёртовы Кости;Квадрат Жизни;kvadrat-g;95;70;50;60;50;20;89
Москва;Кровавый Санта;Quest Show;Krovavii_Santa;94;80;65;80;70;67;91
Москва;Одержимость;Клаустрофобия;Oderjimost;91;80;63;77;78;80;93
Москва;Атлантида;Millennium Quest;Atlantida;75;57;85;70;80;80;
Москва;Пираты карибского моря;LOST;lost_piraty;87;73;83;60;63;90;
Москва;Сауна;Клетка;Sauna;90;60;80;63;61;80;
Москва;Генезис. Последняя надежда;LOST;Liza_Iskusstvennii_razum;85;70;75;65;75;80;
Москва;Большой куш;Quest Hunter;Podpolnoe_kazino;0;0;0;0;0;0;
Москва;Космические пилигримы;QuestHub;Kosmicheskie_piligrimi;83;60;77;60;60;80;
Москва;Корпорация DHARMA;TruExit;Korporaciya_DHARMA;83;70;83;60;67;80;
Москва;Многоликий Билли;Ловушка;billy;83;80;80;67;65;80;
Москва;Амок;Crowded room;amok;95;90;55;85;65;70;91
Москва;Заброшенный дом;CityQuest;old_house;95;80;50;80;60;80;91
Москва;Арктический бункер;Клаустрофобия;arky_bunker;82;67;85;60;67;80;
Москва;Пила: искупление;LOST;Pila_iskuplenie;87;75;80;70;80;78;67
Москва;Чупакабра: ужасы Мексики;Rabbit Hole;Chupakabra;0;0;0;0;0;0;
Москва;Питомец;Boo Quest;Pitomec;94;82;50;65;70;70;93
Москва;Корпорация Амбрелла;ТвойКвест.рф;Korporaciya_Ambrella;70;70;70;80;67;80;60
Москва;Insania 2.0;Questmakers;Insania_2;93;80;55;77;60;78;91
Москва;Проклятие жрецов Майя;ArmaGames;Proklyatie_jrecov_Maiya;85;67;65;67;65;80;
Москва;S.T.A.L.K.E.R. Зона отчуждения;World of Quests;Zona_otchujdeniya;83;77;77;62;60;80;
Москва;Поворот не туда;Quest-Kar;povorot-ne-tuda;91;70;57;73;70;75;91
Москва;Не тот цирк. Заключение;Phobiamaster;ne_tot_tsirk_zaklyucheniye;0;0;0;0;0;0;
Москва;Последние Люди на Земле;RoomStory by World of Quests;last-men-on-earth;83;78;78;60;65;80;
Москва;Зомби апокалипсис;Погружение;zomby;87;70;30;95;65;70;85
Москва;Смертельная вакансия;Клаустрофобия;vo_vse_tyazhkie;83;70;78;79;67;78;
Москва;Ограбление на Кутузовском;Матрешка-квест;mska;90;70;73;70;65;80;
Москва;Философский камень;Клаустрофобия;philosophi_rock;80;65;80;67;70;75;
Москва;Карантин;Иzнанка;iznanka;94;70;60;70;80;70;91
Москва;Шпионская история: Побег из посольства;IndieQuest;posolstvo_SK;87;70;80;70;80;80;
Москва;Мастерская Да Винчи;Enigma;masterskaya-leonardo;80;60;87;60;60;78;
Москва;Президентский рейс;Real Quest;reys;88;70;75;65;65;78;
Москва;Ключ от всех дверей;ВыХод;klu4_vykhod;87;83;75;70;65;78;60
Москва;Ограбление коллекционера;Погружение;ograblenie_kollekcionera;78;60;70;70;58;77;
Москва;Это Rock-n-Roll;3600 секунд;rock-n-roll;90;67;80;62;70;80;
Москва;Демонология;Погружение;demonologiya;85;75;70;55;58;77;65
Москва;Операция Фобос;Реальность Плюс;operaziya-fobos;0;0;0;0;0;0;
Москва;Цирк;Проект Нейрон;neiron-zirk;0;0;0;0;0;0;
Москва;Биошок;MysteryQuest;bioshock;91;75;73;60;75;77;
Москва;Тьма;TRUEQUEST;tma;87;80;65;70;70;75;90
Москва;Полтергейст;Портал страха;portal-poltergeist;0;0;0;0;0;0;
Москва;Воины тени;World of Quests;voiny_teni;82;60;77;60;60;80;
Москва;Инверсия;Лабиринт памяти;psycho;80;75;85;62;70;80;
Москва;Заклятие;Портал страха;portal-zaklyatie;0;0;0;0;0;0;
Москва;Кровавая Мэри;Портал страха;krovavaya-meri;0;0;0;0;0;0;
Москва;Побег из Шоушенка;Киноквест;pobeg_Sh;80;60;80;70;65;80;
Москва;Романтическое путешествие в Мулен Руж;DREVO QUEST;MoulinRouge;85;60;80;79;65;80;
Москва;Загадка русского Фауста;Wise Rabbit;zagadka-russkogo-fausta;0;0;0;0;0;0;
Москва;Тайна Мерилин Монро;Киноквест;MarilynMonroe;80;75;80;60;60;80;
Москва;Stalker-quest;Компас;Stalker;92;70;70;83;65;60;
Москва;Дракула: Нерассказанная история;LOST;DraculaMsk;91;65;77;62;65;80;
Москва;ДурДом;Request-team;durdom;90;75;73;65;80;70;91
Москва;Терминал;CityQuest;new_terminal;87;65;40;99;85;65;
Москва;Цена бессмертия. Ренессанс;World of Quests;zena_bessmertiya;91;74;70;80;83;80;89
Москва;LOST. Остаться в живых;BestQuest Cinema;BestQuest_Lost;80;70;80;60;77;80;
Москва;Игра Престолов. 100 замков;Погружение;100zamkov;80;70;70;70;65;80;
Москва;Тайна заброшенного дома;Fastumgame;FastYMgame_tzd;70;57;70;70;60;77;45
Москва;Властелин Колец;Киноквест;vlastelinkolec;85;76;77;60;65;80;
Москва;Жажда: дочь винодела;World of Quests;alkapone;84;71;75;52;60;80;50
Москва;Особняк с привидениями;World of Quests;osobnyak;87;75;75;67;64;78;50
Москва;Wall Street: Черный вторник;Kvestoboom;WallStreet;77;60;78;72;65;80;
Москва;Из ада;Перформанс Клаб;izada;80;57;40;70;70;77;65
Москва;Игра Престолов Замок Короля;ВыХод;zamok_korolya;91;65;83;65;80;80;
Москва;Бездна;QuestQuest;bezdna;92;85;69;69;70;80;
Москва;Заклятие старого дома (Исчезнувшие);Lockedmos;dom-vedmi;85;64;70;65;65;77;
Москва;В поисках приключений;Погружение;v-poiskah-prikluchenii;88;73;72;70;76;65;
Москва;Тайна Подсознания;Funlock;Kto_ya;82;77;60;57;70;87;
Москва;В Изоляции;Шокотерапия;vizolyacii;95;77;67;83;60;70;93
Москва;Штаб Супергероев;Лига Квестов;shtab_supergeroev;90;85;82;58;70;80;
Москва;Джокер: Загадка Аркхэма;iQuest;khirurg;91;70;60;67;60;60;75
Москва;Орден Ассасинов;CityQuest;orden_assasinov;85;73;75;62;67;77;
Москва;Исчезнувшая;Lost Rooms;disappeared;92;74;70;70;60;77;78
Москва;Хоббит: тайна кольца;World of Quests;world_of_quests_hobbit_tajna_kolca;85;70;83;60;70;80;
Москва;Путь Самурая;Лабиринт памяти;zagadochnaya_yaponiya;83;65;77;63;63;78;
Москва;Комната охраны;EXIT;komnata_okhrany;75;60;80;70;87;77;
Москва;Корпорация монстров;CityQuest;monsters;82;77;80;60;60;80;
Москва;Проклятие Рамзеса;Серьезные Игры;ramzes;90;60;85;60;80;80;
Москва;Тайны Средневековья;Серьезные Игры;darkness;90;67;75;65;70;80;
Москва;Сказки;Квест Парк Арлекино;skazki;70;60;63;60;55;85;
Москва;Демоны Коэльо;Кубиринт;manuscript;75;70;79;65;65;80;
Москва;Коэльо: Алхимик;Кубиринт;alchemist;82;70;75;63;80;80;
Москва;Тайна темного братства;Time Quest;taynahranitely;82;63;70;60;55;80;
Москва;Потерянные во вселенной;PlayQuest;poteryannie-vo-vselennoy;85;72;70;63;75;75;
Москва;Книга жизни Леонардо да Винчи;Ловушка;lovushka-kniga-shizni;80;64;78;68;70;80;
Москва;Хранилище;EXIT;exit_vault;84;67;88;80;83;75;
Москва;Ловушка безумного фокусника;Ловушка;VVP_lovushka;82;60;70;60;65;83;
Москва;Inferno;Компас;inferno;93;75;70;85;70;55;90
Москва;Ядерная весна;Story Quest;yadernayavesna;84;87;73;62;60;83;
Москва;ВДНХ под другим углом;Quest Planet;vdnh;0;0;0;0;0;0;
Москва;Тайна Хранителя;Улица Квестов;secretkeeper;87;80;87;60;65;85;
Москва;Черепашки-ниндзя;RoomStory by World of Quests;cherepashki;90;72;82;60;70;80;
Москва;Белая комната;Клаустрофобия;belaya_komnata;77;70;63;60;70;90;
Москва;Лаборатория Франкенштейна;Quest Reality;Franky;80;75;77;60;60;80;45
Москва;Агент 007 Персидская ночь ;Морфеус;morfeus_007;70;100;60;20;80;90;
Москва;Битва за Москву;IndieQuest;bitva_za_Moskvu;90;83;82;63;77;75;
Москва;Чистый разум;Questmakers;chisty_razum;94;97;63;67;63;80;30
Москва;Игра престолов (Железный трон);ВыХод;iron_chair;91;70;82;60;70;80;
Москва;Мэд Хаус;Quest-Art;mad_house;95;75;65;73;65;80;91
Москва;Марокканская тайна;3600 секунд;M_tayna;83;70;78;47;60;90;
Москва;Квест на квадроциклах;QuadRider;kvest-na-kvadrotsikle;95;60;65;98;70;40;
Москва;Кома;Лаб.33;koma;95;87;77;60;60;80;50
Москва;Измайловский Кремль: сказочное русское царство;Quest Planet;kvesto-po-parku;0;0;0;0;0;0;
Москва;Бюро охотников за привидениями;Лига Квестов;byuro-ohotnikov-za-privideniyami;90;87;84;60;73;77;
Москва;Настоящий Детектив;Funlock;true-detective;79;70;78;60;60;80;
Москва;Тюремная история;RoomStory by World of Quests;tjurma;83;64;78;65;85;79;
Москва;Пила;Клаустрофобия;pila-phobia;0;0;0;0;0;0;
Москва;Музей современного искусства;Клаустрофобия;muzei-sovremennogo-iskusstva;0;0;0;0;0;0;
Москва;Бункер №1;RoomStory by World of Quests;bunker-1;80;65;80;55;65;90;
Москва;Вокруг света за 60 минут;RoomStory by World of Quests;turfirma-albatros;0;0;0;0;0;0;
Москва;Метроквест;Московское Метро;metrokvest;;;;;;;
Москва;Логово маньяка;QuestMoscow;logovo-maniaka;80;80;70;65;80;70;
Москва;Бункер Сталина;Quest Hunter;bunker-stalina;70;57;80;60;60;80;
Москва;Гензель и Гретель;Клаустрофобия;genzel-i-gretel;;;;;;;
Москва;5 жизней;Joyment;5-djiznei;92;70;69;97;90;65;0
Москва;Ответ Гиппократа;Морфеус;morpheus;90;100;70;20;60;70;
Москва;Элемент Z;Zeitnot;element-z;0;0;0;0;0;0;
Москва;Цифровая крепость;Zeitnot;cifrovaya-krepost;0;0;0;0;0;0;
Москва;Студия звукозаписи;Клаустрофобия;studia-zvukozapisi;0;0;0;0;0;0;
Москва;Побег из Синг-Синга;Клаустрофобия;pobeg-iz-sing-singa;;;;;;;
Москва;Жесть;Best Quest;zhest;95;55;75;75;90;60;91
Москва;Убежище 13;Клаустрофобия;ubezhishhe-13;90;67;80;60;60;55;
Москва;Штрана: Профессор Злых;Клаустрофобия;shtrana-professor-zlih;0;0;0;0;0;0;
Москва;Дом ведьмы;Клаустрофобия;salemskaya-vedma;80;80;75;40;70;90;
Москва;Коллекционер;Клаустрофобия;kollekchioner;95;95;50;67;60;60;93
Москва;Лабиринт;Мослабиринт;labirint;90;70;30;80;85;70;60
Москва;Автосервис;Клаустрофобия;avtoservis;80;60;83;65;60;87;
Москва;Олимпиада 2030;Клаустрофобия;olimpiada-2030;80;55;80;82;83;90;
Москва;Пиратская Хижина;Клаустрофобия;piratskaya-hijina;80;40;70;80;60;70;
Москва;Memento Mori;Квест-компот;memento-mori;77;70;50;50;50;90;61
Москва;Координация;Эволюция;koordinatsia;70;70;65;94;60;45;
Москва;Психбольница;Клаустрофобия;psihbolnitsa;80;65;67;57;70;90;
Москва;Самоволка;Место квеста;samovolka;65;70;62;50;50;80;
Москва;Джуманджи 2.0;TruExit;jumanji-2;82;75;65;45;70;90;
Москва;Гробница Фараона;Funlock;grobnica-faraona;75;80;55;45;40;80;
Москва;Башня Теслы;Langoth quests;bashnia-tesli;83;60;65;77;70;75;
Москва;Кошмар на улице Вязов;World of Quests;koshmar_na_ulice_viazov;84;60;73;70;55;80;
Москва;Подводная лодка (Неожиданное погружение);Room Quest;neozhidannoe-pogruzhenie;80;60;78;55;55;90;
Москва;Адреналин;PrimeQuest;adrenalin;94;85;50;75;70;70;94
Москва;Заброшенная фабрика масок;Клаустрофобия;zabroshennaja-fabrika-masok;80;75;60;77;70;70;
Москва;Спасите Шерлока!;World of Quests;spasite-sherloka;77;55;83;70;67;90;
Москва;Зона 51. Секретные материалы;Мистикум;zona-51;90;80;60;55;57;90;
Москва;Операция «Starlite»;Клаустрофобия;eto-vietnam;78;67;75;67;70;80;
Москва;Ледокол;CityQuest;tonushhij-korabl;77;60;77;50;60;80;
Москва;Сумеречный синдром;Wember;sumerechnyj-sindrom;93;60;77;60;60;78;91
Москва;Галеон Джейсона Кидда;Лабиринт памяти;galeon-dzhejsona-kidda;85;75;83;60;60;79;
Москва;Алиса в стране чудес;Серьезные Игры;aluzia-v-strane-chudes;80;65;70;77;60;85;
Москва;Библиотека старого масона;Игра Разума;biblioteka-starogo-masona;80;70;85;60;60;80;
Москва;В пасти безумия;Наука страха;v-pasti-bezumiya;88;72;60;77;55;70;80
Москва;Кукловод;Серьезные Игры;kuklovod;83;70;72;60;80;70;45
Москва;Тёмная сила;DREVO QUEST;temnaya-sila;86;60;75;62;70;80;
Москва;Эксперимент Х;13 rooms;eksperiment_x;67;45;60;55;40;60;
Москва;Забытая станция;Funlock;zabytaja-stancija;50;50;55;50;70;80;
Москва;Ограбление Банка;CityQuest;ograblenie-banka-cityquest;75;60;65;65;40;80;
Москва;Запертые в хижине маньяка;Zapertye.ru;zapertye-v-hizhine-manjaka;75;60;75;40;50;85;
Москва;Китайский квартал;SQSquest;kitajskij-kvartal;60;75;65;40;60;90;
Москва;Silent Hill;Story Quest;silent-hill;84;84;70;54;45;80;65
Москва;История одного маньяка;Horror land;istorija-odnogo-manjaka;70;80;77;50;50;73;58
Москва;Идеальное ограбление;Zona Quest;idealnoe-ograblenie;85;70;60;60;55;80;
Москва;Код Да Винчи;Funlock;kod-da-vinci-mykvest;80;75;50;60;50;80;
Москва;Дом вверх дном;Игра Разума;dom-vverh-dnom;70;75;77;60;47;95;
Москва;Убийство в закрытой комнате;Quest Reality;ubijstvo-v-zakrytoj-komnate;65;80;65;60;65;85;
Москва;Авиакатастрофа в джунглях;iQUESTrium;aviakatastrofa-v-dzhunglyah;87;67;70;55;60;85;
Москва;Паранормальное явление;Изоляция;paranormalnoye-javlenie-izolatsiya;80;80;70;55;70;70;70
Москва;Чернобыль;TruExit;chernobyl;75;60;85;55;60;90;
Москва;За час до Чернобыля;Поиск;za-chas-do-chernobyla;80;60;75;60;70;80;
Москва;Рейс 911;Quest Reality;reis-911;83;67;75;45;71;80;
Москва;На ощупь;13 rooms;na-oschup;65;65;65;90;68;68;
Москва;Последнее интервью;Best Quest;poslednee-intervju;85;73;75;65;65;75;70
Москва;Ошибка Резидента;3600 секунд;oshibka-rezidenta;83;77;80;50;60;90;
Москва;Карты, Деньги, Два стола;Кубикулум;karti-dengi-dva-stvola;80;70;85;53;65;90;
Москва;Ограбление Банка;Изоляция;ograblenie-banka-izoliatsiya;0;0;0;0;0;0;
Москва;Упавшее небо;Шерлок;upavshee-nebo;90;77;60;60;70;85;
Москва;Ограбление Банка;Заперли.ру;ograblenie-banka-zaerli-ru;80;70;71;70;55;80;
Москва;Офис лондонского детектива;HintHunt;ofis-detektiva;80;70;89;55;60;90;
Москва;Подвиг разведчика;Enigma;podvig-razvedchika;77;70;77;70;80;70;
Москва;Ночь в Музее;CityQuest;noch-v-muzee;77;80;80;60;80;80;
Москва;Кузькина мать;Enigma;kuzkina-mat;80;80;85;57;70;80;
Москва;Зомби Апокалипсис;Проект Нейрон;zombi-apokalipsis;77;80;87;60;60;85;
Москва;Колыбель Кошмаров;World of Quests;kolibel-koshmarov;85;75;70;80;60;77;67
Москва;Сибирский Шейкер;Шерлок;sibirsky-shaker;83;60;88;67;60;90;
Москва;Уйти за 61 минуту;Event Vision;uity-za-61-minutu;87;73;80;67;80;77;91
Москва;Тайны старого театра;CityQuest;tajny-starogo-teatra;77;69;80;68;75;80;
Москва;Стимпанк Буратино;Серьезные Игры;stimpank-buratino;93;76;73;67;75;80;
Москва;Лаборатория 33;Лаб.33;laboratoriya-33;91;94;70;56;55;80;40
Москва;Красная кнопка;Кубикулум;krasnaya-knopka;85;60;87;60;80;80;
Москва;Кабинет Джека Крейтона;EXIT;kabinet-djo-kreitona;85;70;80;60;77;80;
Москва;Ограбление банка;Клаустрофобия;ograblenie-banka;87;77;73;75;70;80;
Москва;Ограбление по-Мексикански;Серьезные Игры;ogrableniye-po-meksikansky;87;70;82;61;66;95;
Москва;Паранормальное явление;Адреналин 24;paranormalnoye-javlenie;90;80;77;65;70;77;50
Москва;Большой Куш;QuestPlay;bolshoy-kush;80;70;78;70;70;80;
Москва;Insane;Quest-Art;inasne;95;80;63;73;73;80;93
Москва;Подводная лодка;Клаустрофобия;podvodnaya-lodka;88;72;90;65;60;80;
Москва;Супермаркет Зомби;Клуб Квестов;supermarket-zombi;93;86;80;75;65;70;64
Москва;VIP Зал Казино;EXIT;vip-zal-kazino;95;85;72;60;73;80;
Москва;7 загадок фараона;Quest Reality;7-zagadok-faraona;90;75;87;62;70;80;
Москва;FENIX;Quest-Studio;q-fenix;97;85;65;89;65;70;80
Москва;Бегущий по Лезвию;Серьезные Игры;begushy-po-lezviu;90;70;76;79;70;80;
Москва;Игра Престолов (Семь Королевств);ВыХод;igra-prestolov;91;62;85;70;80;80;
Москва;Темнота;Quest Reality;prijut_temnoti;87;70;60;70;95;65;65
Москва;Пираты Карибского Моря;Funlock;pirati-karibskogo-moriya;63;60;80;80;60;75;
Москва;Подвал Красовски;Deadrooms;podval-krasovsky;75;67;73;50;35;40;
Москва;Дежа Вю;inQuestLife;deja-vu;65;55;47;50;40;80;
Москва;Тайна поместья;ILUZIO;tayna-pomestia;80;60;60;50;57;80;
Москва;Гоголевская Чертовщина;Квестомания;gogolevskaya-chertovshina;80;70;75;40;39;80;30
Москва;Ночь в Амстердаме;QuestMoscow;noch-v-amsterdame;77;70;75;50;60;80;
Москва;Диверсант;CityQuest;diversant;91;85;70;55;60;80;
Москва;Код Да Винчи;Квест Клуб;kod-da-vinci;75;60;85;50;60;90;
Москва;Рукописи не горят;Лабиринт памяти;rukopisi-ne-goryat;82;70;80;60;65;80;
Москва;Час Зомби;Кубиринт;chas-zombi;90;60;70;55;59;85;
Москва;Мышеловка для гринго;Шерлок;mishelovka-dlya-gringo;89;70;67;64;60;80;
Москва;Ночь страха;Чёрный квадрат;noch-straha;91;73;70;65;70;65;90
Москва;Побег с Корабля;TruExit;truexit-pobeg-s-korablya;80;70;74;50;77;90;
Москва;Мумия ;Room Quest;mumiya;91;73;77;65;79;78;
Москва;Последний эксперимент;CityQuest;posledniy_eksperiment;80;75;87;55;60;90;
